5primeOuter,5primeInner,3primeInner,3primeOuter,Energy
A,A,A,A,Inf
A,A,C,A,Inf
A,A,G,A,Inf
A,A,U,A,Inf
A,A,A,C,Inf
A,A,C,C,Inf
A,A,G,C,Inf
A,A,U,C,Inf
A,A,A,G,Inf
A,A,C,G,Inf
A,A,G,G,Inf
A,A,U,G,Inf
A,A,A,U,Inf
A,A,C,U,Inf
A,A,G,U,Inf
A,A,U,U,-0.9
A,C,A,A,Inf
A,C,C,A,Inf
A,C,G,A,Inf
A,C,U,A,Inf
A,C,A,C,Inf
A,C,C,C,Inf
A,C,G,C,Inf
A,C,U,C,Inf
A,C,A,G,Inf
A,C,C,G,Inf
A,C,G,G,Inf
A,C,U,G,Inf
A,C,A,U,Inf
A,C,C,U,Inf
A,C,G,U,-2.2
A,C,U,U,Inf
A,G,A,A,Inf
A,G,C,A,Inf
A,G,G,A,Inf
A,G,U,A,Inf
A,G,A,C,Inf
A,G,C,C,Inf
A,G,G,C,Inf
A,G,U,C,Inf
A,G,A,G,Inf
A,G,C,G,Inf
A,G,G,G,Inf
A,G,U,G,Inf
A,G,A,U,Inf
A,G,C,U,-2.1
A,G,G,U,Inf
A,G,U,U,-0.6
A,U,A,A,Inf
A,U,C,A,Inf
A,U,G,A,Inf
A,U,U,A,Inf
A,U,A,C,Inf
A,U,C,C,Inf
A,U,G,C,Inf
A,U,U,C,Inf
A,U,A,G,Inf
A,U,C,G,Inf
A,U,G,G,Inf
A,U,U,G,Inf
A,U,A,U,-1.1
A,U,C,U,Inf
A,U,G,U,-1.4
A,U,U,U,Inf
C,A,A,A,Inf
C,A,C,A,Inf
C,A,G,A,Inf
C,A,U,A,Inf
C,A,A,C,Inf
C,A,C,C,Inf
C,A,G,C,Inf
C,A,U,C,Inf
C,A,A,G,Inf
C,A,C,G,Inf
C,A,G,G,Inf
C,A,U,G,-2.1
C,A,A,U,Inf
C,A,C,U,Inf
C,A,G,U,Inf
C,A,U,U,Inf
C,C,A,A,Inf
C,C,C,A,Inf
C,C,G,A,Inf
C,C,U,A,Inf
C,C,A,C,Inf
C,C,C,C,Inf
C,C,G,C,Inf
C,C,U,C,Inf
C,C,A,G,Inf
C,C,C,G,Inf
C,C,G,G,-3.3
C,C,U,G,Inf
C,C,A,U,Inf
C,C,C,U,Inf
C,C,G,U,Inf
C,C,U,U,Inf
C,G,A,A,Inf
C,G,C,A,Inf
C,G,G,A,Inf
C,G,U,A,Inf
C,G,A,C,Inf
C,G,C,C,Inf
C,G,G,C,Inf
C,G,U,C,Inf
C,G,A,G,Inf
C,G,C,G,-2.4
C,G,G,G,Inf
C,G,U,G,-1.4
C,G,A,U,Inf
C,G,C,U,Inf
C,G,G,U,Inf
C,G,U,U,Inf
C,U,A,A,Inf
C,U,C,A,Inf
C,U,G,A,Inf
C,U,U,A,Inf
C,U,A,C,Inf
C,U,C,C,Inf
C,U,G,C,Inf
C,U,U,C,Inf
C,U,A,G,-2.1
C,U,C,G,Inf
C,U,G,G,-2.1
C,U,U,G,Inf
C,U,A,U,Inf
C,U,C,U,Inf
C,U,G,U,Inf
C,U,U,U,Inf
G,A,A,A,Inf
G,A,C,A,Inf
G,A,G,A,Inf
G,A,U,A,Inf
G,A,A,C,Inf
G,A,C,C,Inf
G,A,G,C,Inf
G,A,U,C,-2.4
G,A,A,G,Inf
G,A,C,G,Inf
G,A,G,G,Inf
G,A,U,G,Inf
G,A,A,U,Inf
G,A,C,U,Inf
G,A,G,U,Inf
G,A,U,U,-1.3
G,C,A,A,Inf
G,C,C,A,Inf
G,C,G,A,Inf
G,C,U,A,Inf
G,C,A,C,Inf
G,C,C,C,Inf
G,C,G,C,-3.4
G,C,U,C,Inf
G,C,A,G,Inf
G,C,C,G,Inf
G,C,G,G,Inf
G,C,U,G,Inf
G,C,A,U,Inf
G,C,C,U,Inf
G,C,G,U,-2.5
G,C,U,U,Inf
G,G,A,A,Inf
G,G,C,A,Inf
G,G,G,A,Inf
G,G,U,A,Inf
G,G,A,C,Inf
G,G,C,C,-3.3
G,G,G,C,Inf
G,G,U,C,-1.5
G,G,A,G,Inf
G,G,C,G,Inf
G,G,G,G,Inf
G,G,U,G,Inf
G,G,A,U,Inf
G,G,C,U,-2.1
G,G,G,U,Inf
G,G,U,U,-0.5
G,U,A,A,Inf
G,U,C,A,Inf
G,U,G,A,Inf
G,U,U,A,Inf
G,U,A,C,-2.2
G,U,C,C,Inf
G,U,G,C,-2.5
G,U,U,C,Inf
G,U,A,G,Inf
G,U,C,G,Inf
G,U,G,G,Inf
G,U,U,G,Inf
G,U,A,U,-1.4
G,U,C,U,Inf
G,U,G,U,+1.3
G,U,U,U,Inf
U,A,A,A,Inf
U,A,C,A,Inf
U,A,G,A,-2.4
U,A,U,A,Inf
U,A,A,C,Inf
U,A,C,C,Inf
U,A,G,C,Inf
U,A,U,C,Inf
U,A,A,G,Inf
U,A,C,G,Inf
U,A,G,G,-1.5
U,A,U,G,Inf
U,A,A,U,Inf
U,A,C,U,Inf
U,A,G,U,Inf
U,A,U,U,Inf
U,C,A,A,Inf
U,C,C,A,-2.1
U,C,G,A,Inf
U,C,U,A,-1.0
U,C,A,C,Inf
U,C,C,C,Inf
U,C,G,C,Inf
U,C,U,C,Inf
U,C,A,G,Inf
U,C,C,G,-1.4
U,C,G,G,Inf
U,C,U,G,+0.3
U,C,A,U,Inf
U,C,C,U,Inf
U,C,G,U,Inf
U,C,U,U,Inf
U,G,A,A,-0.9
U,G,C,A,Inf
U,G,G,A,-1.3
U,G,U,A,Inf
U,G,A,C,Inf
U,G,C,C,Inf
U,G,G,C,Inf
U,G,U,C,Inf
U,G,A,G,-0.6
U,G,C,G,Inf
U,G,G,G,-0.5
U,G,U,G,Inf
U,G,A,U,Inf
U,G,C,U,Inf
U,G,G,U,Inf
U,G,U,U,Inf
